-- ============================================================
-- FIXED SEED DATA — DigitalGoldWallet
-- Run AFTER the app has started (Hibernate creates the tables)
-- Run in order top to bottom.
-- ============================================================

-- ── 1. Addresses ─────────────────────────────────────────────
INSERT INTO addresses (street, city, state, postal_code, country) VALUES
('123 Main Street', 'Mumbai', 'Maharashtra', '400001', 'India'),
('456 Oak Avenue', 'Delhi', 'Delhi', '110001', 'India'),
('789 Pine Road', 'Bangalore', 'Karnataka', '560001', 'India'),
('101 Cedar Lane', 'Chennai', 'Tamil Nadu', '600001', 'India'),
('202 Maple Street', 'Kolkata', 'West Bengal', '700001', 'India'),
('303 Palm Drive', 'Hyderabad', 'Telangana', '500001', 'India'),
('404 Pineapple Street', 'Pune', 'Maharashtra', '411001', 'India'),
('505 Olive Road', 'Ahmedabad', 'Gujarat', '380001', 'India'),
('606 Mango Lane', 'Jaipur', 'Rajasthan', '302001', 'India'),
('707 Banana Avenue', 'Lucknow', 'Uttar Pradesh', '226001', 'India'),
('808 Apple Street', 'Kanpur', 'Uttar Pradesh', '208001', 'India'),
('909 Cherry Road', 'Nagpur', 'Maharashtra', '440001', 'India'),
('101 Pinecone Lane', 'Indore', 'Madhya Pradesh', '452001', 'India'),
('202 Sunflower Street', 'Thane', 'Maharashtra', '400601', 'India'),
('303 Rose Avenue', 'Bhopal', 'Madhya Pradesh', '462001', 'India'),
('404 Tulip Road', 'Visakhapatnam', 'Andhra Pradesh', '530001', 'India'),
('505 Lotus Lane', 'Agra', 'Uttar Pradesh', '282001', 'India'),
('606 Orchid Drive', 'Coimbatore', 'Tamil Nadu', '641001', 'India'),
('707 Jasmine Road', 'Madurai', 'Tamil Nadu', '625001', 'India'),
('808 Lily Lane', 'Faridabad', 'Haryana', '121001', 'India'),
('909 Magnolia Street', 'Varanasi', 'Uttar Pradesh', '221001', 'India'),
('1011 Violet Road', 'Thiruvananthapuram', 'Kerala', '695001', 'India'),
('1212 Iris Lane', 'Patna', 'Bihar', '800001', 'India'),
('1313 Bluebell Avenue', 'Ranchi', 'Jharkhand', '834001', 'India'),
('1414 Sun Lane', 'Guwahati', 'Assam', '781001', 'India'),
('1515 Rainbow Road', 'Shimla', 'Himachal Pradesh', '171001', 'India'),
('1616 Cloud Lane', 'Dehradun', 'Uttarakhand', '248001', 'India'),
('1717 Mountain Avenue', 'Surat', 'Gujarat', '395001', 'India'),
('1818 River Road', 'Kochi', 'Kerala', '682001', 'India'),
('1919 Ocean Lane', 'Vadodara', 'Gujarat', '390001', 'India'),
('2020 Harbor Street', 'Raipur', 'Chhattisgarh', '492001', 'India'),
('2121 Beach Lane', 'Jamshedpur', 'Jharkhand', '831001', 'India'),
('2222 Forest Road', 'Jodhpur', 'Rajasthan', '342001', 'India'),
('2323 Desert Avenue', 'Amritsar', 'Punjab', '143001', 'India'),
('2424 Oasis Lane', 'Ghaziabad', 'Uttar Pradesh', '201001', 'India'),
('2525 Sunset Road', 'Noida', 'Uttar Pradesh', '201301', 'India'),
('2626 Horizon Street', 'Gandhinagar', 'Gujarat', '382001', 'India'),
('2727 Sky Lane', 'Bhubaneswar', 'Odisha', '751001', 'India'),
('2828 Star Avenue', 'Nashik', 'Maharashtra', '422001', 'India'),
('2929 Galaxy Road', 'Allahabad', 'Uttar Pradesh', '211001', 'India'),
('3030 Comet Lane', 'Cuttack', 'Odisha', '753001', 'India'),
('3131 Nebula Street', 'Howrah', 'West Bengal', '711001', 'India'),
('3232 Meteor Road', 'Srinagar', 'Jammu and Kashmir', '190001', 'India'),
('3333 Cosmos Lane', 'Dhanbad', 'Jharkhand', '826001', 'India'),
('3434 Planet Avenue', 'Gurgaon', 'Haryana', '122001', 'India'),
('3535 Starflower Street', 'Kollam', 'Kerala', '691001', 'India'),
('3636 Comet Lane', 'Rourkela', 'Odisha', '769001', 'India'),
('3737 Stardust Road', 'Mangalore', 'Karnataka', '575001', 'India'),
('3838 Celestial Lane', 'Siliguri', 'West Bengal', '734001', 'India'),
('3939 Galaxy Avenue', 'Tiruchirappalli', 'Tamil Nadu', '620001', 'India');

-- ── 2. Vendors ────────────────────────────────────────────────
INSERT INTO vendors (vendor_name, description, contact_person_name, contact_email, contact_phone, website_url, total_gold_quantity, current_gold_price) VALUES
('Sona Jewelers', 'Your trusted source for authentic gold jewelry', 'Rohit Verma', 'rohit.sona@example.com', '+91 9876541230', 'https://www.sonajewelers.com', 2200.00, 6400.00),
('Golden Heritage', 'Preserving India''s rich heritage in gold craftsmanship', 'Ananya Kapoor', 'ananya.goldenheritage@example.com', '+91 9871239876', 'https://www.goldenheritageindia.in', 2800.00, 6400.00),
('Regal Gold Emporium', 'Exuding regality through our gold collections', 'Aryan Singh', 'aryan.regalgold@example.com', '+91 9887612345', 'https://www.regalgoldemporium.com', 1600.00, 6400.00),
('Radiant Ornaments', 'Reflecting radiance through meticulously crafted gold pieces', 'Sakshi Gupta', 'sakshi.radiant@example.com', '+91 9876785678', 'https://www.radiantornaments.in', 4500.00, 6400.00),
('Om Shri Jewels', 'Blending spirituality with exquisite gold jewelry', 'Aditya Sharma', 'aditya.omshri@example.com', '+91 9873458765', 'https://www.omshrijewels.com', 1200.00, 6400.00),
('Mystique Gold Designs', 'Creating mystique with unique and artistic gold designs', 'Ishaan Kapoor', 'ishaan.mystiquegold@example.com', '+91 9874567890', 'https://www.mystiquegolddesigns.in', 3200.00, 6400.00),
('Golden Blossoms', 'Blooming beauty in every piece of our golden creations', 'Riya Patel', 'riya.goldenblossoms@example.com', '+91 9876545678', 'https://www.goldenblossoms.co.in', 1500.00, 6400.00),
('Shubh Gold Crafts', 'Crafting auspicious gold pieces for your special moments', 'Kunal Verma', 'kunal.shubhgold@example.com', '+91 9873456789', 'https://www.shubhgoldcrafts.com', 4200.00, 6400.00),
('Nirvana Jewels', 'Experience bliss with our ethereal gold jewelry designs', 'Tanvi Singh', 'tanvi.nirvanajewels@example.com', '+91 9876543219', 'https://www.nirvanajewelsindia.com', 2900.00, 6400.00),
('Dynasty Gold', 'Continuing the legacy of timeless gold craftsmanship', 'Vikrant Gupta', 'vikrant.dynastygold@example.com', '+91 9876789012', 'https://www.dynastygold.in', 1900.00, 6400.00),
('Divine Gold Exports', 'Exporting divine craftsmanship in gold worldwide', 'Ritu Kapoor', 'ritu.divinegold@example.com', '+91 9871234567', 'https://www.divinegoldexports.com', 3600.00, 6400.00),
('Sovereign Gold', 'Ruling the gold industry with sovereign craftsmanship', 'Siddharth Verma', 'siddharth.sovereigngold@example.com', '+91 9872345678', 'https://www.sovereigngold.co.in', 1000.00, 6400.00),
('Golden Glint Studios', 'Capturing the glint of gold in every jewelry piece', 'Shivangi Singh', 'shivangi.goldenglint@example.com', '+91 9873456789', 'https://www.goldenglintstudios.com', 2300.00, 6400.00),
('Aureate Elegance', 'Elegance personified through our exquisite gold collections', 'Rohini Gupta', 'rohini.aureate@example.com', '+91 9874567890', 'https://www.aureateelegance.in', 4800.00, 6400.00),
('Sunrise Gold Crafts', 'Crafting gold pieces that shine like the morning sun', 'Kartik Verma', 'kartik.sunrisegold@example.com', '+91 9875678901', 'https://www.sunrisegoldcrafts.com', 2900.00, 6400.00),
('Velvet Gold Designs', 'Designs as soft and luxurious as velvet in gold jewelry', 'Aanya Patel', 'aanya.velvetgold@example.com', '+91 9876789012', 'https://www.velvetgolddesigns.in', 3700.00, 6400.00),
('Eternal Gold Legacy', 'Carrying forward the legacy of eternal gold craftsmanship', 'Arnav Singh', 'arnav.eternalgold@example.com', '+91 9877890123', 'https://www.eternalgoldlegacy.com', 3300.00, 6400.00),
('Golden Horizon Jewelers', 'Reaching new heights with our horizon of gold designs', 'Shreya Kapoor', 'shreya.goldenhorizon@example.com', '+91 9878901234', 'https://www.goldenhorizonjewelers.in', 1200.00, 6400.00),
('Crown Jewels India', 'Fit for royalty - every piece in our gold crown collection', 'Aarav Gupta', 'aarav.crownjewels@example.com', '+91 9879012345', 'https://www.crownjewelsindia.com', 4700.00, 6400.00),
('Ethereal Gold Artistry', 'Artistry that transcends the ordinary in gold craftsmanship', 'Ishita Verma', 'ishita.etherealgold@example.com', '+91 9870123456', 'https://www.etherealgoldartistry.in', 1800.00, 6400.00),
('Gold Symphony Creations', 'Creating a symphony of elegance with our gold designs', 'Rohan Patel', 'rohan.goldsymphony@example.com', '+91 9871234567', 'https://www.goldsymphonycreations.com', 3500.00, 6400.00),
('Majestic Gold Studios', 'Capturing the majesty of gold in every jewelry creation', 'Tanishka Gupta', 'tanishka.majesticgold@example.com', '+91 9872345678', 'https://www.majesticgoldstudios.in', 2700.00, 6400.00),
('Radiant Gold Crafts', 'Crafting radiance through our meticulous gold craftsmanship', 'Virat Verma', 'virat.radiantgold@example.com', '+91 9873456789', 'https://www.radiantgoldcrafts.com', 2900.00, 6400.00),
('Gold Rhapsody', 'A rhapsody of gold in every note of our jewelry designs', 'Saumya Patel', 'saumya.goldrhapsody@example.com', '+91 9874567890', 'https://www.goldrhapsody.in', 3300.00, 6400.00),
('Celestial Gold Designs', 'Designs that reach the celestial heights of gold elegance', 'Aryan Gupta', 'aryan.celestialgold@example.com', '+91 9875678901', 'https://www.celestialgolddesigns.com', 3000.00, 6400.00),
('Mystic Gold Creations', 'Mystic allure in every piece of our handcrafted gold jewelry', 'Neha Kapoor', 'neha.mysticgold@example.com', '+91 9876789012', 'https://www.mysticgoldcreations.co.in', 1600.00, 6400.00),
('Imperial Gold Arts', 'Artistic excellence fit for an imperial collection in gold', 'Kabir Verma', 'kabir.imperialgold@example.com', '+91 9877890123', 'https://www.imperialgoldarts.com', 4400.00, 6400.00),
('Golden Essence', 'Capturing the essence of gold in every piece of jewelry', 'Aanya Singh', 'aanya.goldenessence@example.com', '+91 9878901234', 'https://www.goldenessence.co.in', 3700.00, 6400.00),
('Prism Gold Crafts', 'Creating a prism of colors through our gold craftsmanship', 'Aarav Patel', 'aarav.prismgold@example.com', '+91 9879012345', 'https://www.prismgoldcrafts.in', 1200.00, 6400.00),
('Golden Aura', 'Radiating a golden aura in every jewelry creation', 'Kavya Kapoor', 'kavya.goldenaura@example.com', '+91 9870123456', 'https://www.goldenaura.co.in', 3200.00, 6400.00),
('Midas Touch Jewelers', 'Bestowing the Midas touch to every piece of gold', 'Rohan Singh', 'rohan.midastouch@example.com', '+91 9871234567', 'https://www.midastouchjewelers.in', 4500.00, 6400.00),
('Pure Elegance Gold', 'Pure elegance personified in our gold jewelry designs', 'Anika Patel', 'anika.pureelegance@example.com', '+91 9872345678', 'https://www.pureelegancegold.com', 2200.00, 6400.00),
('Opulent Gold Crafts', 'Crafting opulence through intricate gold designs', 'Vihaan Verma', 'vihaan.opulentgold@example.com', '+91 9873456789', 'https://www.opulentgoldcrafts.in', 1900.00, 6400.00),
('Divine Treasures', 'Unveiling divine treasures through our gold craftsmanship', 'Aisha Gupta', 'aisha.divinetreasures@example.com', '+91 9874567890', 'https://www.divinetreasuresindia.com', 4200.00, 6400.00),
('Enchanting Gold Studios', 'Enchanting souls with our spellbinding gold designs', 'Dev Kapoor', 'dev.enchantinggold@example.com', '+91 9875678901', 'https://www.enchantinggoldstudios.in', 2900.00, 6400.00),
('Royal Radiance Jewelers', 'Exuding royal radiance in every piece of our gold collection', 'Ishani Patel', 'ishani.royalradiance@example.com', '+91 9876789012', 'https://www.royalradiancejewelers.com', 1900.00, 6400.00),
('Gold Odyssey', 'Embarking on an odyssey of gold elegance and craftsmanship', 'Arjun Singh', 'arjun.goldodyssey@example.com', '+91 9877890123', 'https://www.goldodyssey.in', 3200.00, 6400.00),
('Serene Gold Arts', 'Crafting serenity through the artistry of gold', 'Siya Verma', 'siya.serenegold@example.com', '+91 9878901234', 'https://www.serenegoldarts.co.in', 3500.00, 6400.00),
('Eternal Elegance', 'Elegance that stands the test of time in gold creations', 'Advait Patel', 'advait.eternalelegance@example.com', '+91 9879012345', 'https://www.eternalelegancegold.com', 2700.00, 6400.00),
('Golden Serendipity', 'Serendipitous moments created through our gold designs', 'Aradhya Gupta', 'aradhya.goldenserendipity@example.com', '+91 9870123456', 'https://www.goldenserendipity.in', 2900.00, 6400.00),
('Lustrous Gold Designs', 'Lustrous designs that define the essence of gold', 'Yash Patel', 'yash.lustrousgold@example.com', '+91 9871234567', 'https://www.lustrousgolddesigns.co.in', 1600.00, 6400.00),
('Vivid Gold Creations', 'Vivid and vibrant gold creations for every occasion', 'Myra Verma', 'myra.vividgold@example.com', '+91 9872345678', 'https://www.vividgoldcreations.in', 2200.00, 6400.00),
('Timeless Gold Treasures', 'Treasures that withstand the test of time in gold', 'Aryan Gupta', 'aryan.timelessgold@example.com', '+91 9873456789', 'https://www.timelessgoldtreasures.com', 4800.00, 6400.00),
('Golden Symphony Crafts', 'Creating a symphony of beauty with our gold craftsmanship', 'Riya Patel', 'riya.goldensymphony@example.com', '+91 9874567890', 'https://www.goldensymphonycrafts.in', 1800.00, 6400.00),
('Ethereal Gold Elegance', 'Ethereal elegance in every piece of our handcrafted gold', 'Kabir Singh', 'kabir.etherealgold@example.com', '+91 9875678901', 'https://www.etherealgoldelegance.com', 3500.00, 6400.00),
('Divine Ornaments', 'Crafting ornaments that embody divine elegance', 'Anvi Gupta', 'anvi.divineornaments@example.com', '+91 9878909876', 'https://www.divineornaments.co.in', 1000.00, 6400.00),
('Golden Traditions', 'Preserving and celebrating golden traditions through jewelry', 'Arnav Kapoor', 'arnav.goldentraditions@example.com', '+91 9876543210', 'https://www.goldentraditionsindia.com', 2300.00, 6400.00),
('Harmony Gold Studios', 'Harmonizing beauty and craftsmanship in every gold creation', 'Kavya Singh', 'kavya.harmonygold@example.com', '+91 9870123456', 'https://www.harmonygoldstudios.in', 1800.00, 6400.00),
('Rustic Gold Designs', 'Embracing rustic charm in modern gold jewelry designs', 'Rudra Patel', 'rudra.rusticgold@example.com', '+91 9876789012', 'https://www.rusticgolddesigns.com', 3200.00, 6400.00),
('Golden Silhouettes', 'Crafting gold silhouettes that tell unique stories', 'Anika Verma', 'anika.goldensilhouettes@example.com', '+91 9878901234', 'https://www.goldensilhouettes.in', 1900.00, 6400.00);

-- ── 3. Vendor Branches ────────────────────────────────────────
INSERT INTO vendor_branches (vendor_id, address_id, quantity) VALUES
(1,1,1200),(2,2,1500),(3,3,800),(4,4,900),(5,5,1800),
(6,6,1100),(7,7,1300),(8,8,700),(9,9,1600),(10,10,1000),
(11,11,1400),(12,12,950),(13,13,1250),(14,14,1700),(15,15,850),
(16,16,1350),(17,17,1050),(18,18,1550),(19,19,600),(20,20,1450),
(21,21,1150),(22,22,1300),(23,23,750),(24,24,1650),(25,25,1000),
(26,26,1500),(27,27,1200),(28,28,900),(29,29,1400),(30,30,1100),
(31,31,1350),(32,32,800),(33,33,1250),(34,34,1600),(35,35,700),
(36,36,1450),(37,37,1050),(38,38,1550),(39,39,950),(40,40,1700),
(41,41,1150),(42,42,1300),(43,43,850),(44,44,1650),(45,45,1000),
(46,46,1500),(47,47,1200),(48,48,900),(49,49,1400),(50,50,1100);

-- ── 4. Users (with BCrypt password + role) ───────────────────
-- Password for all seed users: User@123
-- BCrypt hash below is for "User@123"
INSERT INTO users (email, name, address_id, balance, password, role, created_at) VALUES
('aman.gupta@example.in', 'Aman Gupta', 21, 5500.00, 'a0', 'USER', NOW()),
('bhuvan.sharma@example.in', 'Bhuvan Sharma', 22, 6800.00, 'a0', 'USER', NOW()),
('chitra.patel@example.in', 'Chitra Patel', 23, 3200.00, 'a0', 'USER', NOW()),
('dhruv.kumar@example.in', 'Dhruv Kumar', 24, 4700.00, 'a0', 'USER', NOW()),
('esha.verma@example.in', 'Esha Verma', 25, 5100.00, 'a0', 'USER', NOW()),
('faisal.ali@example.in', 'Faisal Ali', 26, 6200.00, 'a0', 'USER', NOW()),
('geeta.singh@example.in', 'Geeta Singh', 27, 2800.00, 'a0', 'USER', NOW()),
('hitesh.rawat@example.in', 'Hitesh Rawat', 28, 3900.00, 'a0', 'USER', NOW()),
('isha.joshi@example.in', 'Isha Joshi', 29, 4200.00, 'a0', 'USER', NOW()),
('jay.patel@example.in', 'Jay Patel', 30, 5800.00, 'a0', 'USER', NOW()),
('kavya.mehta@example.in', 'Kavya Mehta', 31, 3200.00, 'a0', 'USER', NOW()),
('lokesh.agarwal@example.in', 'Lokesh Agarwal', 32, 4700.00, 'a0', 'USER', NOW()),
('mira.sharma@example.in', 'Mira Sharma', 33, 3100.00, 'a0', 'USER', NOW()),
('nishit.gupta@example.in', 'Nishit Gupta', 34, 4600.00, 'a0', 'USER', NOW()),
('olivia.verma@example.in', 'Olivia Verma', 35, 3900.00, 'a0', 'USER', NOW()),
('pranav.kumar@example.in', 'Pranav Kumar', 36, 4300.00, 'a0', 'USER', NOW()),
('quincy.singh@example.in', 'Quincy Singh', 37, 5700.00, 'a0', 'USER', NOW()),
('rahul.thakur@example.in', 'Rahul Thakur', 38, 3800.00, 'a0', 'USER', NOW()),
('simran.agarwal@example.in', 'Simran Agarwal', 39, 4900.00, 'a0', 'USER', NOW()),
('tushar.jain@example.in', 'Tushar Jain', 40, 5400.00, 'a0', 'USER', NOW()),
('urvi.singh@example.in', 'Urvi Singh', 41, 2900.00, 'a0', 'USER', NOW()),
('vishal.rawat@example.in', 'Vishal Rawat', 42, 4700.00, 'a0', 'USER', NOW()),
('wafa.ali@example.in', 'Wafa Ali', 43, 3200.00, 'a0', 'USER', NOW()),
('xander.sharma@example.in', 'Xander Sharma', 44, 4100.00, 'a0', 'USER', NOW()),
('yamini.patel@example.in', 'Yamini Patel', 45, 3400.00, 'a0', 'USER', NOW()),
('zaid.kumar@example.in', 'Zaid Kumar', 46, 4600.00, 'a0', 'USER', NOW()),
('amisha.singh@example.in', 'Amisha Singh', 47, 5000.00, 'a0', 'USER', NOW()),
('bhavin.gupta@example.in', 'Bhavin Gupta', 48, 4300.00, 'a0', 'USER', NOW()),
('charul.joshi@example.in', 'Charul Joshi', 49, 4700.00, 'a0', 'USER', NOW()),
('deepak.rawat@example.in', 'Deepak Rawat', 50, 4100.00, 'a0', 'USER', NOW()),
('farhan.khan@example.in', 'Farhan Khan', 1, 6500.00, 'a0', 'USER', NOW()),
('gaurav.rawat@example.in', 'Gaurav Rawat', 5, 6800.00, 'a0', 'USER', NOW()),
('hema.gupta@example.in', 'Hema Gupta', 10, 1200.00, 'a0', 'USER', NOW()),
('ishan.singh@example.in', 'Ishan Singh', 15, 1900.00, 'a0', 'USER', NOW()),
('jyoti.yadav@example.in', 'Jyoti Yadav', 20, 1600.00, 'a0', 'USER', NOW()),
('kunal.shah@example.in', 'Kunal Shah', 25, 2100.00, 'a0', 'USER', NOW()),
('leena.nair@example.in', 'Leena Nair', 30, 1400.00, 'a0', 'USER', NOW()),
('mohan.goswami@example.in', 'Mohan Goswami', 35, 2000.00, 'a0', 'USER', NOW()),
('neha.verma@example.in', 'Neha Verma', 25, 1900.00, 'a0', 'USER', NOW()),
('omkar.singh@example.in', 'Omkar Singh', 30, 1400.00, 'a0', 'USER', NOW()),
('poonam.thakur@example.in', 'Poonam Thakur', 35, 1800.00, 'a0', 'USER', NOW()),
('qadir.khan@example.in', 'Qadir Khan', 40, 1600.00, 'a0', 'USER', NOW()),
('radha.mehta@example.in', 'Radha Mehta', 45, 2100.00, 'a0', 'USER', NOW()),
('suresh.gupta@example.in', 'Suresh Gupta', 50, 1400.00, 'a0', 'USER', NOW()),
('tara.kumar@example.in', 'Tara Kumar', 1, 2000.00, 'a0', 'USER', NOW()),
('umesh.agarwal@example.in', 'Umesh Agarwal', 5, 1500.00, 'a0', 'USER', NOW()),
('vidya.singh@example.in', 'Vidya Singh', 10, 1900.00, 'a0', 'USER', NOW()),
('waseem.ali@example.in', 'Waseem Ali', 15, 1400.00, 'a0', 'USER', NOW()),
('yogita.verma@example.in', 'Yogita Verma', 25, 1600.00, 'a0', 'USER', NOW()),
('zahir.khan@example.in', 'Zahir Khan', 30, 2100.00, 'a0', 'USER', NOW());

-- ── 5. Virtual Gold Holdings ──────────────────────────────────
INSERT INTO virtual_gold_holdings (user_id, branch_id, quantity) VALUES
(1,1,5.25),(2,2,8.75),(3,3,12.50),(4,4,6.30),(5,5,15.80),
(6,6,3.90),(7,7,10.25),(8,8,7.75),(9,9,4.20),(10,10,9.60),
(11,11,11.80),(12,12,14.00),(13,13,6.75),(14,14,8.40),(15,15,3.25),
(16,16,10.50),(17,17,5.90),(18,18,12.75),(19,19,9.20),(20,20,7.00),
(21,21,13.25),(22,22,8.90),(23,23,4.50),(24,24,11.30),(25,25,6.00),
(26,26,14.50),(27,27,7.10),(28,28,9.75),(29,29,5.40),(30,30,12.00),
(31,31,8.20),(32,32,5.75),(33,33,10.90),(34,34,3.40),(35,35,12.60),
(36,36,6.80),(37,37,9.25),(38,38,14.50),(39,39,7.75),(40,40,4.30),
(41,41,11.20),(42,42,8.60),(43,43,5.00),(44,44,13.75),(45,45,9.90),
(46,46,7.15),(47,47,12.30),(48,48,5.60),(49,49,10.00),(50,50,6.50);

-- ── 6. Physical Gold Transactions ────────────────────────────
INSERT INTO physical_gold_transactions (user_id, branch_id, quantity, delivery_address_id) VALUES
(1,1,5.25,1),(2,2,8.75,5),(3,3,12.50,10),(4,4,6.30,15),(5,5,15.80,20),
(6,6,3.90,25),(7,7,10.25,30),(8,8,7.75,35),(9,9,4.20,40),(10,10,9.60,45),
(11,11,11.80,1),(12,12,14.00,5),(13,13,6.75,10),(14,14,8.40,15),(15,15,3.25,20),
(16,16,10.50,25),(17,17,5.90,30),(18,18,12.75,35),(19,19,9.20,40),(20,20,7.00,45),
(21,21,13.25,1),(22,22,8.90,5),(23,23,4.50,10),(24,24,11.30,15),(25,25,6.00,20),
(26,26,14.50,25),(27,27,7.10,30),(28,28,9.75,35),(29,29,5.40,40),(30,30,12.00,45),
(31,31,8.20,1),(32,32,5.75,5),(33,33,10.90,10),(34,34,3.40,15),(35,35,12.60,20),
(36,36,6.80,25),(37,37,9.25,30),(38,38,14.50,35),(39,39,7.75,40),(40,40,4.30,45),
(41,41,11.20,1),(42,42,8.60,5),(43,43,5.00,10),(44,44,13.75,15),(45,45,9.90,20),
(46,46,7.15,25),(47,47,12.30,30),(48,48,5.60,35),(49,49,10.00,40),(50,50,6.50,45);

-- ── 7. Payments ───────────────────────────────────────────────
INSERT INTO payments (user_id, amount, payment_method, transaction_type, payment_status, created_at) VALUES
(1,45000.00,'CREDIT_CARD','CREDITED_TO_WALLET','SUCCESS',NOW()),
(2,37267.00,'BANK_TRANSFER','DEBITED_FROM_WALLET','SUCCESS',NOW()),
(3,62000.00,'GOOGLE_PAY','CREDITED_TO_WALLET','SUCCESS',NOW()),
(4,28000.00,'BANK_TRANSFER','DEBITED_FROM_WALLET','SUCCESS',NOW()),
(5,51000.00,'PHONEPE','CREDITED_TO_WALLET','SUCCESS',NOW()),
(6,33000.00,'BANK_TRANSFER','DEBITED_FROM_WALLET','SUCCESS',NOW()),
(7,47000.00,'CREDIT_CARD','CREDITED_TO_WALLET','SUCCESS',NOW()),
(8,29000.00,'BANK_TRANSFER','DEBITED_FROM_WALLET','SUCCESS',NOW()),
(9,55000.00,'GOOGLE_PAY','CREDITED_TO_WALLET','SUCCESS',NOW()),
(10,41000.00,'BANK_TRANSFER','DEBITED_FROM_WALLET','SUCCESS',NOW()),
(11,38000.00,'PHONEPE','CREDITED_TO_WALLET','SUCCESS',NOW()),
(12,62000.00,'BANK_TRANSFER','DEBITED_FROM_WALLET','SUCCESS',NOW()),
(13,25000.00,'CREDIT_CARD','CREDITED_TO_WALLET','FAILED',NOW()),
(14,44000.00,'BANK_TRANSFER','DEBITED_FROM_WALLET','FAILED',NOW()),
(15,31000.00,'GOOGLE_PAY','CREDITED_TO_WALLET','FAILED',NOW()),
(16,57000.00,'BANK_TRANSFER','DEBITED_FROM_WALLET','FAILED',NOW()),
(17,43000.00,'PHONEPE','CREDITED_TO_WALLET','SUCCESS',NOW()),
(18,36000.00,'BANK_TRANSFER','DEBITED_FROM_WALLET','SUCCESS',NOW()),
(19,49000.00,'CREDIT_CARD','CREDITED_TO_WALLET','FAILED',NOW()),
(20,27000.00,'BANK_TRANSFER','DEBITED_FROM_WALLET','FAILED',NOW()),
(21,61000.00,'GOOGLE_PAY','CREDITED_TO_WALLET','SUCCESS',NOW()),
(22,34000.00,'BANK_TRANSFER','DEBITED_FROM_WALLET','SUCCESS',NOW()),
(23,52000.00,'PHONEPE','CREDITED_TO_WALLET','SUCCESS',NOW()),
(24,39000.00,'BANK_TRANSFER','DEBITED_FROM_WALLET','FAILED',NOW()),
(25,46000.00,'CREDIT_CARD','CREDITED_TO_WALLET','SUCCESS',NOW()),
(26,58000.00,'BANK_TRANSFER','DEBITED_FROM_WALLET','SUCCESS',NOW()),
(27,32000.00,'GOOGLE_PAY','CREDITED_TO_WALLET','FAILED',NOW()),
(28,63000.00,'BANK_TRANSFER','DEBITED_FROM_WALLET','SUCCESS',NOW()),
(29,24000.00,'PHONEPE','CREDITED_TO_WALLET','FAILED',NOW()),
(30,48000.00,'BANK_TRANSFER','DEBITED_FROM_WALLET','FAILED',NOW()),
(31,35000.00,'CREDIT_CARD','CREDITED_TO_WALLET','SUCCESS',NOW()),
(32,53000.00,'BANK_TRANSFER','DEBITED_FROM_WALLET','FAILED',NOW()),
(33,42000.00,'GOOGLE_PAY','CREDITED_TO_WALLET','SUCCESS',NOW()),
(34,67000.00,'BANK_TRANSFER','DEBITED_FROM_WALLET','SUCCESS',NOW()),
(35,29000.00,'PHONEPE','CREDITED_TO_WALLET','FAILED',NOW()),
(36,54000.00,'BANK_TRANSFER','DEBITED_FROM_WALLET','SUCCESS',NOW()),
(37,38000.00,'CREDIT_CARD','CREDITED_TO_WALLET','SUCCESS',NOW()),
(38,61000.00,'BANK_TRANSFER','DEBITED_FROM_WALLET','FAILED',NOW()),
(39,44000.00,'GOOGLE_PAY','CREDITED_TO_WALLET','SUCCESS',NOW()),
(40,27000.00,'BANK_TRANSFER','DEBITED_FROM_WALLET','FAILED',NOW()),
(41,50000.00,'PHONEPE','CREDITED_TO_WALLET','SUCCESS',NOW()),
(42,33000.00,'BANK_TRANSFER','DEBITED_FROM_WALLET','FAILED',NOW()),
(43,59000.00,'CREDIT_CARD','CREDITED_TO_WALLET','SUCCESS',NOW()),
(44,46000.00,'BANK_TRANSFER','DEBITED_FROM_WALLET','SUCCESS',NOW()),
(45,31000.00,'GOOGLE_PAY','CREDITED_TO_WALLET','FAILED',NOW()),
(46,65000.00,'BANK_TRANSFER','DEBITED_FROM_WALLET','SUCCESS',NOW()),
(47,37000.00,'PHONEPE','CREDITED_TO_WALLET','SUCCESS',NOW()),
(48,52000.00,'BANK_TRANSFER','DEBITED_FROM_WALLET','SUCCESS',NOW()),
(49,43000.00,'CREDIT_CARD','CREDITED_TO_WALLET','SUCCESS',NOW()),
(50,28000.00,'BANK_TRANSFER','DEBITED_FROM_WALLET','FAILED',NOW());

-- ── 8. Transaction History ────────────────────────────────────
INSERT INTO transaction_history (user_id, branch_id, transaction_type, transaction_status, quantity, amount, created_at) VALUES
(1,1,'BUY','SUCCESS',25.0,142500.00,NOW()),
(2,2,'SELL','SUCCESS',18.0,102600.00,NOW()),
(3,3,'CONVERT_TO_PHYSICAL','SUCCESS',30.0,171000.00,NOW()),
(4,4,'BUY','SUCCESS',15.0,85500.00,NOW()),
(5,5,'SELL','SUCCESS',20.0,114000.00,NOW()),
(6,6,'CONVERT_TO_PHYSICAL','SUCCESS',22.0,125400.00,NOW()),
(7,7,'BUY','SUCCESS',35.0,199500.00,NOW()),
(8,8,'SELL','SUCCESS',10.0,57000.00,NOW()),
(9,9,'CONVERT_TO_PHYSICAL','SUCCESS',28.0,159600.00,NOW()),
(10,10,'BUY','SUCCESS',20.0,114000.00,NOW()),
(11,11,'SELL','SUCCESS',12.0,68400.00,NOW()),
(12,12,'CONVERT_TO_PHYSICAL','SUCCESS',32.0,182400.00,NOW()),
(13,13,'BUY','SUCCESS',25.0,142500.00,NOW()),
(14,14,'SELL','SUCCESS',18.0,102600.00,NOW()),
(15,15,'CONVERT_TO_PHYSICAL','SUCCESS',20.0,114000.00,NOW()),
(16,16,'BUY','SUCCESS',15.0,85500.00,NOW()),
(17,17,'SELL','SUCCESS',22.0,125400.00,NOW()),
(18,18,'CONVERT_TO_PHYSICAL','SUCCESS',30.0,171000.00,NOW()),
(19,19,'BUY','SUCCESS',28.0,159600.00,NOW()),
(20,20,'SELL','SUCCESS',10.0,57000.00,NOW()),
(21,21,'BUY','FAILED',35.0,199500.00,NOW()),
(22,22,'SELL','FAILED',12.0,68400.00,NOW()),
(23,23,'CONVERT_TO_PHYSICAL','FAILED',25.0,142500.00,NOW()),
(24,24,'BUY','FAILED',20.0,114000.00,NOW()),
(25,25,'SELL','FAILED',32.0,182400.00,NOW()),
(26,26,'CONVERT_TO_PHYSICAL','FAILED',18.0,102600.00,NOW()),
(27,27,'BUY','FAILED',22.0,125400.00,NOW()),
(28,28,'SELL','FAILED',28.0,159600.00,NOW()),
(29,29,'CONVERT_TO_PHYSICAL','FAILED',10.0,57000.00,NOW()),
(30,30,'BUY','FAILED',1.0,5700.00,NOW()),
(31,31,'BUY','SUCCESS',14.0,79800.00,NOW()),
(32,32,'SELL','SUCCESS',25.0,142500.00,NOW()),
(33,33,'CONVERT_TO_PHYSICAL','SUCCESS',18.0,102600.00,NOW()),
(34,34,'BUY','SUCCESS',30.0,171000.00,NOW()),
(35,35,'SELL','SUCCESS',20.0,114000.00,NOW()),
(36,36,'CONVERT_TO_PHYSICAL','SUCCESS',22.0,125400.00,NOW()),
(37,37,'BUY','SUCCESS',25.0,142500.00,NOW()),
(38,38,'SELL','SUCCESS',15.0,85500.00,NOW()),
(39,39,'CONVERT_TO_PHYSICAL','SUCCESS',28.0,159600.00,NOW()),
(40,40,'BUY','SUCCESS',20.0,114000.00,NOW()),
(41,41,'SELL','SUCCESS',12.0,68400.00,NOW()),
(42,42,'CONVERT_TO_PHYSICAL','SUCCESS',32.0,182400.00,NOW()),
(43,43,'BUY','SUCCESS',25.0,142500.00,NOW()),
(44,44,'SELL','SUCCESS',18.0,102600.00,NOW()),
(45,45,'CONVERT_TO_PHYSICAL','SUCCESS',20.0,114000.00,NOW()),
(46,46,'BUY','SUCCESS',15.0,85500.00,NOW()),
(47,47,'SELL','SUCCESS',22.0,125400.00,NOW()),
(48,48,'CONVERT_TO_PHYSICAL','SUCCESS',30.0,171000.00,NOW()),
(49,49,'BUY','SUCCESS',28.0,159600.00,NOW()),
(50,50,'SELL','SUCCESS',10.0,57000.00,NOW());
